<?xml version="1.0" encoding="UTF-8"?>
<project-private xmlns="http://www.netbeans.org/ns/project-private/1">
    <editor-bookmarks xmlns="http://www.netbeans.org/ns/editor-bookmarks/2" lastBookmarkId="0"/>
    <open-files xmlns="http://www.netbeans.org/ns/projectui-open-files/2">
        <group>
            <file>file:/home/utfpr/Área%20de%20Trabalho/AulaJSP1/web/pag5.jsp</file>
            <file>file:/home/utfpr/Área%20de%20Trabalho/AulaJSP1/web/pag4.jsp</file>
            <file>file:/home/utfpr/Área%20de%20Trabalho/AulaJSP1/web/pag1.jsp</file>
            <file>file:/home/utfpr/Área%20de%20Trabalho/AulaJSP1/web/pag3.jsp</file>
            <file>file:/home/utfpr/Área%20de%20Trabalho/AulaJSP1/web/form4.html</file>
            <file>file:/home/utfpr/Área%20de%20Trabalho/AulaJSP1/src/java/br/Pessoa.java</file>
        </group>
    </open-files>
</project-private>
